date_heure,consommation,nucleaire,eolien,solaire,hydraulique,taux_co2
2026-06-30T23:45:00+00:00,42643,38810,4324,0,5827,40
2026-07-01T00:00:00+00:00,41666,38725,4309,0,5603,36
2026-07-01T00:15:00+00:00,41134,38747,4341,0,5432,27
2026-07-01T00:30:00+00:00,40245,38779,4408,0,5632,22
2026-07-01T01:30:00+00:00,38065,38865,4439,0,5333,13
2026-07-01T03:45:00+00:00,39267,38668,4341,219,5203,15
2026-07-01T04:00:00+00:00,39784,38727,4474,240,5345,15
2026-07-01T04:15:00+00:00,40920,38875,4604,309,6299,17
2026-07-01T05:00:00+00:00,42795,38884,4284,945,6128,19
2026-07-01T07:45:00+00:00,49319,38715,3211,11140,5350,17
2026-07-01T12:15:00+00:00,52227,36413,4033,18212,4314,21
2026-07-01T13:00:00+00:00,51521,36090,4035,17947,3992,22
2026-07-01T13:45:00+00:00,50108,36085,4094,17242,3833,19
2026-07-01T14:15:00+00:00,49066,36571,4178,16534,4499,16
2026-07-01T15:00:00+00:00,49258,36599,4329,15078,4851,16
2026-07-01T16:45:00+00:00,49609,36127,5564,9235,6821,31
2026-07-01T18:30:00+00:00,48518,35782,5966,2119,8815,44
2026-07-01T19:00:00+00:00,47382,36248,5779,1135,8427,45
2026-07-01T19:30:00+00:00,46853,36995,5442,467,8353,45
2026-07-01T20:45:00+00:00,48569,39137,5684,0,7087,30
2026-07-01T21:00:00+00:00,47667,38889,5918,0,7502,28
2026-07-01T21:30:00+00:00,46327,39076,6094,0,6890,32
2026-07-01T21:45:00+00:00,46732,39061,6180,0,6638,32
2026-07-01T22:15:00+00:00,45379,39508,6215,0,5285,29
2026-07-01T23:45:00+00:00,41395,39589,5514,0,4885,15
2026-07-02T00:00:00+00:00,40699,39624,5418,0,4776,14
2026-07-02T01:00:00+00:00,38422,38978,4871,0,4269,13
2026-07-02T02:00:00+00:00,37497,39045,4536,0,4363,13
2026-07-02T03:15:00+00:00,38671,39021,4558,0,4378,13
2026-07-02T04:15:00+00:00,40984,39394,4506,397,4470,13
2026-07-02T06:15:00+00:00,46149,39397,4152,4608,5774,12
2026-07-02T08:15:00+00:00,48541,35913,5111,13012,4386,12
2026-07-02T09:30:00+00:00,49632,35469,4209,12181,4023,15
2026-07-02T10:00:00+00:00,50117,34547,4174,13745,4081,15
2026-07-02T11:45:00+00:00,49502,34084,4334,14800,3173,15
2026-07-02T16:30:00+00:00,50135,37303,8601,9476,5094,14
2026-07-02T17:45:00+00:00,50992,38501,7364,4434,6268,22
2026-07-02T18:00:00+00:00,50592,38635,7237,3478,6800,23
2026-07-02T18:15:00+00:00,49666,38813,7070,2715,7269,24
2026-07-02T18:30:00+00:00,49068,38903,6913,2056,7416,25
2026-07-02T19:45:00+00:00,47207,39282,6176,360,8260,24
2026-07-02T20:30:00+00:00,48368,39802,5594,252,9606,25
2026-07-02T21:00:00+00:00,48230,40206,5343,0,8823,25
2026-07-02T21:15:00+00:00,47986,40333,5241,0,8563,26
2026-07-03T00:00:00+00:00,41217,40711,3815,0,5452,17
2026-07-03T01:15:00+00:00,38394,40403,3138,0,4856,19
2026-07-03T02:30:00+00:00,37621,40567,3009,0,4561,20
2026-07-03T03:45:00+00:00,39996,41016,2734,248,5542,20
2026-07-03T04:00:00+00:00,40408,41137,2684,283,5424,20
2026-07-03T08:30:00+00:00,49985,41840,1447,13893,3861,12
2026-07-03T09:00:00+00:00,50194,40999,1462,15202,3685,13
2026-07-03T12:30:00+00:00,50896,40484,998,13625,3433,15
2026-07-03T13:15:00+00:00,50528,39878,1412,14571,3514,15
2026-07-03T13:30:00+00:00,50045,40025,1252,13651,3412,15
2026-07-03T14:45:00+00:00,49168,40434,2213,16708,4125,14
2026-07-03T15:30:00+00:00,49295,41619,2657,15592,3882,14
2026-07-03T17:30:00+00:00,50437,43929,3307,6485,6855,19
2026-07-03T18:00:00+00:00,49416,43867,3478,4048,8280,23
2026-07-03T18:30:00+00:00,48519,44069,3640,2235,8832,25
2026-07-03T19:15:00+00:00,47270,44202,3708,787,8913,25
2026-07-03T19:30:00+00:00,46643,44232,3790,457,8737,23
2026-07-03T20:00:00+00:00,46666,44253,3950,228,8660,24
2026-07-03T21:15:00+00:00,47529,44181,4518,0,8931,24
2026-07-03T22:30:00+00:00,43884,43707,4475,0,7135,25
2026-07-03T22:45:00+00:00,42609,43685,4380,0,6642,25
2026-07-03T23:15:00+00:00,42008,43574,4293,0,6530,21
2026-07-04T01:00:00+00:00,37487,43669,3721,0,4685,13
2026-07-04T03:15:00+00:00,35807,44520,3066,0,4182,13
2026-07-04T05:15:00+00:00,36229,44501,2834,1512,4067,13
2026-07-04T06:00:00+00:00,37678,43263,2399,3837,3684,13
2026-07-04T07:00:00+00:00,39731,39674,1661,8944,3728,12
2026-07-04T10:00:00+00:00,44667,38133,768,13088,2704,16
2026-07-04T10:15:00+00:00,44916,38384,754,13355,2662,16
2026-07-04T11:15:00+00:00,44861,38476,811,13889,2609,15
2026-07-04T12:00:00+00:00,44658,38018,882,13878,2662,15
2026-07-04T14:15:00+00:00,43364,37247,1327,12772,3169,14
2026-07-04T14:45:00+00:00,43335,37553,2697,13906,3947,13
2026-07-04T17:30:00+00:00,46217,42194,6206,6702,4918,13
2026-07-04T19:45:00+00:00,43406,44464,4833,300,8690,14
2026-07-04T20:00:00+00:00,43656,44454,4857,218,8420,14
2026-07-04T23:00:00+00:00,40259,44522,5334,0,5479,12
2026-07-04T23:15:00+00:00,40341,44527,5426,0,5130,12
2026-07-05T01:30:00+00:00,35019,43930,4474,0,3625,13
2026-07-05T01:45:00+00:00,34962,43783,4211,0,3585,13
2026-07-05T02:45:00+00:00,33919,43792,3660,0,3348,13
2026-07-05T03:45:00+00:00,33858,43899,3262,200,3523,13
2026-07-05T05:15:00+00:00,33937,42349,2419,1464,3558,13
2026-07-05T06:00:00+00:00,34211,42138,1517,3022,3307,14
2026-07-05T09:00:00+00:00,41020,40045,803,12933,2759,12
2026-07-05T09:15:00+00:00,41476,39533,838,13627,2586,12
2026-07-05T10:15:00+00:00,43797,39734,1098,14976,2504,13
2026-07-05T12:45:00+00:00,41793,39538,999,12803,2523,13
2026-07-05T14:00:00+00:00,40643,39245,1083,11942,3030,13
2026-07-05T15:30:00+00:00,41887,40271,2334,11922,3449,12
2026-07-05T15:45:00+00:00,42139,41057,2297,11235,3445,12
2026-07-05T16:00:00+00:00,43257,41700,2446,10724,3512,12
2026-07-05T16:45:00+00:00,45376,43842,3476,10469,3922,12
2026-07-05T17:45:00+00:00,46547,45538,3067,5254,5607,13
2026-07-05T21:30:00+00:00,45335,46048,3193,0,8033,19
2026-07-05T22:45:00+00:00,41111,46118,3163,0,5370,18
2026-07-05T23:45:00+00:00,39645,46080,3166,0,4579,13
2026-07-06T02:15:00+00:00,35796,46048,2580,0,3774,13
2026-07-06T02:45:00+00:00,36065,46027,2516,0,3590,13
2026-07-06T03:30:00+00:00,37529,46110,2407,0,4002,13
2026-07-06T05:00:00+00:00,42004,46005,2308,1010,5684,13
2026-07-06T05:30:00+00:00,43645,45903,2192,2059,5810,12
2026-07-06T06:45:00+00:00,47178,45815,1465,7545,4952,11
2026-07-06T07:15:00+00:00,48517,45663,1271,10296,4026,11
2026-07-06T08:15:00+00:00,50328,45145,1226,15305,3471,10
2026-07-06T11:30:00+00:00,53568,43223,2083,21814,2995,10
2026-07-06T11:45:00+00:00,53563,43070,2126,21907,2968,10
2026-07-06T12:15:00+00:00,55013,42472,2317,21663,2983,10
2026-07-06T13:30:00+00:00,54419,42060,2927,20841,3077,11
2026-07-06T14:45:00+00:00,53050,41801,3364,18447,3723,13
2026-07-06T15:45:00+00:00,52503,44064,3393,15057,4195,13
2026-07-06T18:15:00+00:00,53176,45070,2257,3093,7871,26
2026-07-06T19:45:00+00:00,50084,45362,2089,297,8233,28
2026-07-06T20:15:00+00:00,50615,45385,2252,197,8734,28
2026-07-06T21:30:00+00:00,48572,45472,2370,0,7540,28
2026-07-07T00:45:00+00:00,39371,45690,3131,0,4106,13
2026-07-07T06:45:00+00:00,47697,45392,2603,7295,4825,11
2026-07-07T07:30:00+00:00,49558,45161,1845,11282,4436,11
2026-07-07T08:15:00+00:00,51263,44263,1685,14821,3756,10
2026-07-07T08:30:00+00:00,51618,43443,1786,15890,3679,10
2026-07-07T11:00:00+00:00,54760,40986,4074,20775,2968,9
2026-07-07T11:15:00+00:00,54544,41272,3467,16972,3076,10
2026-07-07T13:30:00+00:00,55028,41335,4216,16738,3629,9
2026-07-07T17:30:00+00:00,54374,44079,5387,6114,6026,18
2026-07-07T19:15:00+00:00,51177,45233,3543,757,8683,24
2026-07-07T20:00:00+00:00,50120,45370,3488,232,8346,33
2026-07-07T20:15:00+00:00,50964,45400,3487,210,8434,33
2026-07-07T20:30:00+00:00,51162,45426,3602,207,8518,33
2026-07-07T21:15:00+00:00,50041,45528,3716,0,6950,28
2026-07-07T22:00:00+00:00,47784,45681,3670,0,6120,26
2026-07-08T00:30:00+00:00,40893,45119,2797,0,4569,20
2026-07-08T01:15:00+00:00,39454,45850,2537,0,3929,17
2026-07-08T02:30:00+00:00,38287,45931,2164,0,3854,15
2026-07-08T03:00:00+00:00,38718,45960,2155,0,4007,15
2026-07-08T03:45:00+00:00,40505,46279,2242,200,4459,21
2026-07-08T04:15:00+00:00,41728,46296,2255,304,5088,22
2026-07-08T04:30:00+00:00,42234,46301,2218,388,5509,22
2026-07-08T06:30:00+00:00,48137,46225,1294,5669,5501,20
2026-07-08T07:15:00+00:00,50087,45771,903,9449,4159,19
2026-07-08T09:15:00+00:00,53733,44713,826,17984,3225,9
2026-07-08T09:30:00+00:00,54242,44396,851,18793,3157,9
2026-07-08T10:45:00+00:00,55583,42709,1039,21023,2747,9
2026-07-08T11:15:00+00:00,55657,42218,1291,21224,2716,9
2026-07-08T11:30:00+00:00,55682,41918,1404,21347,2691,9
2026-07-08T13:45:00+00:00,55364,40870,2066,20117,3031,9
2026-07-08T14:45:00+00:00,54229,41341,2306,17893,3379,11
2026-07-08T16:45:00+00:00,55654,45073,2520,9987,6083,23
2026-07-08T20:00:00+00:00,51006,45281,3565,210,9424,46
2026-07-08T20:45:00+00:00,52371,45351,4233,0,9022,45
2026-07-08T21:45:00+00:00,49853,45454,4625,0,6452,38
2026-07-09T00:00:00+00:00,43124,45331,3976,0,4243,36
2026-07-09T00:30:00+00:00,41700,44001,3761,0,4135,38
2026-07-09T01:15:00+00:00,40339,44542,3471,0,3722,38
2026-07-09T01:30:00+00:00,39853,44589,3410,0,3710,35
2026-07-09T01:45:00+00:00,39612,44612,3299,0,3671,34
2026-07-09T05:45:00+00:00,46688,45296,2231,2605,6044,30
2026-07-09T08:45:00+00:00,53204,43884,1198,16443,3586,13
2026-07-09T10:30:00+00:00,55720,42423,1952,20875,2976,9
2026-07-09T11:00:00+00:00,55878,42310,2112,21360,2946,9
2026-07-09T11:30:00+00:00,55780,42494,2090,21417,2723,9
2026-07-09T11:45:00+00:00,55495,41944,2130,21635,2709,10
2026-07-09T12:00:00+00:00,56108,41639,2109,21650,2724,10
2026-07-09T18:30:00+00:00,53572,42507,4063,2064,9540,43
2026-07-09T19:15:00+00:00,52341,42605,4292,703,9516,44
2026-07-09T21:15:00+00:00,50838,42827,6454,0,7249,43
2026-07-09T22:15:00+00:00,48355,42876,7063,0,5740,44
2026-07-09T23:00:00+00:00,45508,42917,7112,0,4975,42
2026-07-10T00:00:00+00:00,43634,42944,6531,0,4433,41
2026-07-10T00:15:00+00:00,43082,42711,6426,0,4424,42
2026-07-10T01:00:00+00:00,41253,42936,6099,0,4252,41
2026-07-10T02:30:00+00:00,39807,41985,5654,0,3802,42
2026-07-10T06:30:00+00:00,48743,40326,2744,5454,5906,40
2026-07-10T07:30:00+00:00,51083,39667,1975,10542,4209,26
2026-07-10T08:45:00+00:00,53222,39684,1980,15895,3808,12
2026-07-10T09:00:00+00:00,53722,39444,2094,16621,3829,12
2026-07-10T11:15:00+00:00,55037,37257,3473,20344,2854,10
2026-07-10T12:30:00+00:00,56610,37490,3674,20225,3061,9
2026-07-10T13:00:00+00:00,56289,37234,3867,19556,2974,10
2026-07-10T13:30:00+00:00,55501,37124,3982,18881,3077,10
2026-07-10T14:15:00+00:00,54622,37690,4126,17188,3702,10
2026-07-10T15:45:00+00:00,54164,38795,4742,11914,4937,18
2026-07-10T17:30:00+00:00,54448,39409,5873,4932,7575,44
2026-07-10T19:45:00+00:00,49884,39219,7174,319,8099,47
2026-07-10T20:30:00+00:00,50828,38721,8019,243,8070,47
2026-07-10T21:15:00+00:00,50054,38025,9167,0,7023,48
2026-07-10T21:30:00+00:00,49226,37912,9328,0,6426,49
2026-07-10T22:15:00+00:00,47174,37617,9530,0,5520,40
2026-07-10T23:45:00+00:00,42919,38034,9216,0,4187,41
2026-07-11T01:00:00+00:00,39619,38690,7551,0,4417,36
2026-07-11T04:45:00+00:00,38357,38952,6255,597,4214,31
2026-07-11T05:30:00+00:00,38906,38960,5597,1758,3842,24
2026-07-11T10:30:00+00:00,48797,31420,3547,18951,2731,11
2026-07-11T10:45:00+00:00,49366,31283,3493,19366,2523,11
2026-07-11T11:45:00+00:00,48416,31283,2456,16349,2473,12
2026-07-11T12:15:00+00:00,49522,31467,2402,16390,2372,12
2026-07-11T12:30:00+00:00,49212,31703,2399,16288,2410,10
2026-07-11T12:45:00+00:00,49047,31880,2496,16272,2374,10
2026-07-11T15:00:00+00:00,47968,33622,4576,15302,3336,10
2026-07-11T19:00:00+00:00,46485,38620,6020,1051,6842,38
2026-07-11T20:45:00+00:00,48129,38581,7764,0,6931,40
2026-07-11T22:30:00+00:00,43261,37684,8408,0,5136,41
2026-07-11T23:15:00+00:00,41943,37574,8427,0,4464,41
2026-07-12T00:30:00+00:00,39122,37797,8956,0,3705,39
2026-07-12T00:45:00+00:00,38435,37794,8919,0,3670,35
2026-07-12T02:15:00+00:00,35939,37511,9111,0,3781,24
2026-07-12T02:45:00+00:00,35828,37175,8998,0,3841,23
2026-07-12T03:45:00+00:00,35421,37160,8628,247,3472,22
2026-07-12T06:15:00+00:00,36618,35607,6568,4380,3314,18
2026-07-12T06:45:00+00:00,37915,35116,5680,6944,2983,17
2026-07-12T10:00:00+00:00,44258,31292,1656,12547,2687,13
2026-07-12T14:45:00+00:00,44242,31467,3354,11636,3202,13
2026-07-12T16:00:00+00:00,46865,32780,9466,12106,3199,11
2026-07-12T16:45:00+00:00,47411,35127,10200,8880,3842,12
2026-07-12T19:30:00+00:00,47374,36056,11036,419,5845,34
2026-07-12T20:30:00+00:00,48323,36244,12501,262,6687,33
2026-07-12T23:30:00+00:00,41774,36146,13248,0,4371,25
2026-07-13T00:30:00+00:00,39695,36542,12772,0,3546,22
2026-07-13T00:45:00+00:00,38747,36690,12652,0,3398,21
2026-07-13T01:15:00+00:00,38120,36948,11840,0,3665,21
2026-07-13T02:45:00+00:00,37411,36929,11112,0,3467,21
2026-07-13T04:15:00+00:00,39627,37076,10483,342,4375,21
2026-07-13T05:30:00+00:00,41613,36979,10171,1511,4451,24
2026-07-13T08:00:00+00:00,47088,36744,7710,9398,3930,12
2026-07-13T11:45:00+00:00,52261,35262,8239,17058,2753,9
2026-07-13T12:30:00+00:00,52648,35886,7656,16363,3108,10
2026-07-13T12:45:00+00:00,52486,36151,7657,16277,3028,10
2026-07-13T13:30:00+00:00,51167,35849,7255,15907,2974,11
2026-07-13T15:30:00+00:00,50799,36693,6935,11803,3797,17
2026-07-13T16:15:00+00:00,51276,36818,7031,9271,3928,21
2026-07-13T17:00:00+00:00,52193,35889,7087,6500,5603,39
2026-07-13T21:00:00+00:00,48954,36367,7532,0,6432,42
2026-07-13T22:00:00+00:00,46182,36334,7115,0,5183,44
2026-07-13T22:45:00+00:00,43533,36392,6761,0,4484,47
2026-07-13T23:15:00+00:00,43250,36324,6448,0,4608,47
2026-07-13T23:30:00+00:00,42555,36381,6539,0,4506,47
2026-07-14T00:15:00+00:00,41397,36336,5920,0,4179,47
2026-07-14T03:45:00+00:00,37529,37306,4552,199,4160,37
2026-07-14T05:15:00+00:00,37746,37611,3836,1148,3998,39
2026-07-14T08:00:00+00:00,42732,36968,2242,11849,3983,20
2026-07-14T08:45:00+00:00,45067,36132,2233,15063,3483,19
2026-07-14T09:45:00+00:00,47232,36301,2195,17965,3318,13
2026-07-14T12:00:00+00:00,48761,36227,2314,20074,3123,11
2026-07-14T13:00:00+00:00,49233,36517,2442,19379,2749,10
2026-07-14T17:30:00+00:00,51669,38397,2549,5275,6261,54
2026-07-14T18:00:00+00:00,51153,38390,2779,3303,6841,56
2026-07-14T18:15:00+00:00,50579,38629,2797,2545,7612,58
2026-07-14T18:45:00+00:00,49577,38747,2990,1370,7636,59
2026-07-14T20:00:00+00:00,48605,39000,4445,241,6563,55
2026-07-14T21:00:00+00:00,48651,39097,5545,0,6007,48
2026-07-14T22:15:00+00:00,46631,38935,5996,0,4782,45
2026-07-14T22:30:00+00:00,45470,39010,6125,0,4763,45
2026-07-14T23:45:00+00:00,42856,39269,5906,0,4207,41
2026-07-15T00:00:00+00:00,41951,39217,5859,0,4185,39
2026-07-15T01:15:00+00:00,39278,38789,5390,0,3981,36
2026-07-15T02:00:00+00:00,38584,38768,5039,0,3878,35
2026-07-15T03:15:00+00:00,39940,38866,4846,0,4120,39
2026-07-15T04:30:00+00:00,43188,38950,5460,359,4756,40
2026-07-15T07:15:00+00:00,51081,38900,2913,6349,6126,37
2026-07-15T08:00:00+00:00,52778,38853,2760,8908,4643,33
2026-07-15T09:00:00+00:00,54640,38613,3550,12159,4232,25
2026-07-15T09:45:00+00:00,55511,38649,3941,14370,4139,18
2026-07-15T10:30:00+00:00,55494,38408,4172,15502,3743,16
2026-07-15T11:45:00+00:00,55413,38331,3710,16652,3317,10
2026-07-15T12:15:00+00:00,56703,38305,3671,16785,3367,10
2026-07-15T13:45:00+00:00,55220,38052,3968,16210,4176,11
2026-07-15T15:00:00+00:00,54057,37609,4204,13243,4333,16
2026-07-15T15:15:00+00:00,53869,37796,4352,12690,4361,18
2026-07-15T16:30:00+00:00,55314,37962,5701,8549,5268,31
2026-07-15T17:00:00+00:00,55756,38029,5824,6609,6654,35
2026-07-15T17:15:00+00:00,55739,38044,5837,5839,6562,37
2026-07-15T21:15:00+00:00,49720,38894,5053,0,7179,43
2026-07-16T00:15:00+00:00,42448,38974,3971,0,4789,46
2026-07-16T01:45:00+00:00,39898,39006,3538,0,4510,45
2026-07-16T02:00:00+00:00,39581,39043,3460,0,4413,46
2026-07-16T02:30:00+00:00,39434,39046,3320,0,4270,47
2026-07-16T03:30:00+00:00,40872,39066,2961,0,4267,48
2026-07-16T04:00:00+00:00,41703,39075,2920,202,4372,48
2026-07-16T05:45:00+00:00,46223,38327,2403,2180,5943,48
2026-07-16T08:00:00+00:00,51462,38045,1357,9783,4534,36
2026-07-16T09:15:00+00:00,54167,37587,1897,13687,4325,16
2026-07-16T09:30:00+00:00,54794,37342,2086,14031,4350,14
2026-07-16T11:00:00+00:00,56053,37416,2374,15147,3803,14
2026-07-16T11:15:00+00:00,55148,37486,2352,14669,3691,15
2026-07-16T12:45:00+00:00,56326,37659,2086,14626,4148,16
2026-07-16T13:00:00+00:00,55974,37707,2179,14538,4180,16
2026-07-16T14:30:00+00:00,54207,37023,3055,12506,4667,21
2026-07-16T16:30:00+00:00,54544,36574,4448,7705,6479,38
2026-07-16T17:15:00+00:00,54593,36556,5365,5166,8621,40
2026-07-16T18:30:00+00:00,51688,36994,5641,1647,9573,43
2026-07-16T20:00:00+00:00,49072,38829,5726,208,7814,44
2026-07-16T20:30:00+00:00,49915,38847,5531,190,7489,44
2026-07-16T23:00:00+00:00,43351,38128,4305,0,4820,48
2026-07-16T23:45:00+00:00,43069,38239,3846,0,4686,46
2026-07-17T00:30:00+00:00,40900,38166,3752,0,4345,43
2026-07-17T01:30:00+00:00,39412,38133,3158,0,4042,45
2026-07-17T02:00:00+00:00,39064,38247,3163,0,4056,45
2026-07-17T02:30:00+00:00,38825,38168,3090,0,4110,44
2026-07-17T02:45:00+00:00,38948,38165,2938,0,4188,45
2026-07-17T05:00:00+00:00,43439,38210,2345,659,6158,43
2026-07-17T09:45:00+00:00,51867,38880,1307,16197,3779,11
2026-07-17T10:30:00+00:00,53074,38853,1333,17697,3612,11
2026-07-17T10:45:00+00:00,53523,38770,1390,17914,3749,11
2026-07-17T11:45:00+00:00,52668,38283,1385,18209,3682,11
2026-07-17T13:45:00+00:00,52262,37166,2151,16581,3808,13
2026-07-17T16:45:00+00:00,52158,38324,3210,8299,7264,31
2026-07-17T18:15:00+00:00,49969,39200,3266,2497,8816,34
2026-07-17T18:45:00+00:00,48701,39330,3180,1335,9056,34
2026-07-17T19:30:00+00:00,47695,39336,3054,367,9043,36
2026-07-17T21:45:00+00:00,46807,39393,2640,0,6722,37
2026-07-17T23:00:00+00:00,42311,38258,2609,0,6293,38
2026-07-18T01:00:00+00:00,38082,39007,2232,0,5088,22
2026-07-18T02:30:00+00:00,36417,39319,1824,0,4762,17
2026-07-18T04:00:00+00:00,36257,39545,1533,204,4370,17
2026-07-18T05:00:00+00:00,36521,39805,1497,711,4257,16
2026-07-18T05:30:00+00:00,36898,40177,1391,1512,4116,16
2026-07-18T06:00:00+00:00,37873,39930,1257,2977,4097,16
2026-07-18T07:30:00+00:00,41186,39456,794,9702,4121,12
2026-07-18T09:00:00+00:00,44147,35366,784,16415,3138,12
2026-07-18T09:45:00+00:00,45459,33988,703,18843,2960,11
2026-07-18T11:15:00+00:00,47000,33209,937,19989,2849,13
2026-07-18T13:15:00+00:00,45927,32816,1899,19666,3063,12
2026-07-18T14:45:00+00:00,44674,35075,3233,16062,3268,12
2026-07-18T15:00:00+00:00,44840,35276,3440,15359,3390,12
2026-07-18T17:30:00+00:00,46374,38983,5056,5551,6227,19
2026-07-18T18:00:00+00:00,45873,39376,5545,3482,6691,19
2026-07-18T18:30:00+00:00,44800,39753,6549,1937,6568,22
2026-07-18T19:30:00+00:00,44128,39781,6682,377,6409,21
2026-07-18T21:30:00+00:00,44026,39982,5784,0,7241,21
2026-07-18T22:15:00+00:00,42687,40028,5486,0,6691,18
2026-07-18T22:30:00+00:00,41463,39959,5698,0,6268,17
2026-07-19T00:15:00+00:00,37442,40031,6036,0,4464,13
2026-07-19T02:00:00+00:00,34033,39708,5727,0,4282,13
2026-07-19T03:00:00+00:00,33593,39616,5515,0,3997,13
2026-07-19T04:30:00+00:00,33531,39317,5888,320,3580,13
2026-07-19T08:30:00+00:00,38453,33729,4137,10832,2653,13
2026-07-19T09:00:00+00:00,39560,33085,4014,12342,2754,12
2026-07-19T09:30:00+00:00,40238,32583,3827,13398,2634,13
2026-07-19T09:45:00+00:00,40623,32165,3705,13896,2663,13
2026-07-19T10:15:00+00:00,42825,32175,3535,14462,2480,13
2026-07-19T10:30:00+00:00,42953,32118,2972,13618,2496,14
2026-07-19T11:15:00+00:00,41799,31197,2170,12498,2431,14
2026-07-19T12:00:00+00:00,41283,31356,2061,12443,2334,14
2026-07-19T12:15:00+00:00,41577,31420,2031,12302,2327,14
2026-07-19T14:00:00+00:00,39980,31137,2198,11110,2861,15
2026-07-19T15:45:00+00:00,41213,32976,5273,13243,3609,12
2026-07-19T16:00:00+00:00,42035,33988,5442,12284,3545,12
2026-07-19T16:15:00+00:00,42346,34753,5861,11246,3621,12
2026-07-19T17:30:00+00:00,44476,37375,6784,5488,6088,18
2026-07-19T18:45:00+00:00,43842,37883,7234,1361,7070,19
2026-07-19T20:30:00+00:00,44619,38619,7209,189,7703,20
2026-07-19T21:15:00+00:00,43991,39350,7718,0,6759,19
2026-07-19T21:30:00+00:00,43494,39419,7873,0,6499,20
2026-07-19T23:30:00+00:00,38469,40518,8073,0,3947,12
2026-07-20T01:15:00+00:00,35040,40606,7195,0,3718,12
2026-07-20T01:45:00+00:00,34586,40562,6929,0,3738,12
2026-07-20T04:45:00+00:00,39835,40883,6548,471,6289,12
2026-07-20T05:00:00+00:00,40175,40915,6408,731,6470,12
2026-07-20T05:30:00+00:00,41695,40854,6011,1540,6052,12
2026-07-20T06:00:00+00:00,43150,40763,5398,3100,5612,12
2026-07-20T06:45:00+00:00,44796,40460,4742,6467,4557,12
2026-07-20T09:15:00+00:00,48130,38828,5128,17415,2644,9
2026-07-20T10:00:00+00:00,48948,38027,4284,15726,2681,10
2026-07-20T11:15:00+00:00,49732,35809,5109,20295,2563,10
2026-07-20T14:30:00+00:00,48476,36550,7255,17966,3009,11
2026-07-20T14:45:00+00:00,48508,37042,7366,17212,3316,11
2026-07-20T15:45:00+00:00,48799,38296,7994,13718,3999,11
2026-07-20T17:00:00+00:00,50840,39209,8322,8067,5661,18
2026-07-20T20:15:00+00:00,47644,39575,7643,203,8244,26
2026-07-20T21:45:00+00:00,45636,39601,8221,0,6906,27
2026-07-20T22:15:00+00:00,44330,39630,8118,0,6614,27
2026-07-20T22:45:00+00:00,41848,39650,7982,0,5762,27
2026-07-21T00:45:00+00:00,37992,39703,7422,0,4381,22
2026-07-21T01:30:00+00:00,36850,39669,7456,0,4196,23
2026-07-21T02:00:00+00:00,36401,39752,7348,0,4115,23
2026-07-21T02:45:00+00:00,36491,39775,7003,0,4159,23
2026-07-21T03:30:00+00:00,37891,39808,6884,0,4851,24
2026-07-21T04:00:00+00:00,38914,39814,6747,207,5169,25
2026-07-21T04:15:00+00:00,39876,39854,6612,248,5898,26
2026-07-21T05:00:00+00:00,41397,39877,6090,713,6571,25
2026-07-21T05:45:00+00:00,43449,39876,5369,2199,6500,25
2026-07-21T06:15:00+00:00,44878,39912,4534,4018,5738,25
2026-07-21T06:30:00+00:00,45174,39883,4225,4966,5712,25
2026-07-21T07:00:00+00:00,45908,39583,3933,7583,4075,25
2026-07-21T07:30:00+00:00,46200,39421,4175,10431,3564,23
2026-07-21T09:30:00+00:00,48751,37087,5090,18491,2664,12
2026-07-21T10:00:00+00:00,50169,37011,5040,19454,2523,13
2026-07-21T11:45:00+00:00,50446,36354,4044,20940,2680,13
2026-07-21T13:00:00+00:00,50774,35638,4471,20991,2393,13
2026-07-21T13:15:00+00:00,50207,35481,4696,20816,2399,13
2026-07-21T17:00:00+00:00,50828,38093,6595,8648,4828,23
2026-07-21T18:45:00+00:00,47877,38247,6593,1398,8249,33
2026-07-21T19:00:00+00:00,47352,38150,6439,956,7877,33
2026-07-21T20:15:00+00:00,47260,38288,6215,197,7607,34
2026-07-21T21:15:00+00:00,46596,38368,6832,0,6881,36
2026-07-21T22:30:00+00:00,42679,37792,6651,0,6301,38
2026-07-21T23:00:00+00:00,41180,37761,6447,0,5155,36
2026-07-21T23:30:00+00:00,40501,37915,6220,0,4836,37
2026-07-22T00:15:00+00:00,39317,37825,5938,0,5294,31
2026-07-22T00:30:00+00:00,38189,37875,5796,0,5038,25
2026-07-22T01:30:00+00:00,36299,38090,5031,0,4876,21
2026-07-22T07:00:00+00:00,44667,38771,2086,7706,4454,19
2026-07-22T07:45:00+00:00,46312,38516,1811,11928,3580,17
2026-07-22T09:00:00+00:00,47292,37814,1838,17270,2704,15
2026-07-22T10:00:00+00:00,48829,37080,2418,19804,2643,14
2026-07-22T10:15:00+00:00,49075,36372,2462,20304,2572,14
2026-07-22T11:00:00+00:00,49167,36488,2431,20992,2541,14
2026-07-22T11:45:00+00:00,48716,36907,2396,21076,2380,14
2026-07-22T12:00:00+00:00,49467,36877,2526,21118,2436,14
2026-07-22T12:30:00+00:00,49377,36680,2548,21020,2410,13
2026-07-22T15:00:00+00:00,47509,35467,3948,16643,3492,16
2026-07-22T16:00:00+00:00,47873,35854,4135,12809,3951,18
2026-07-22T16:15:00+00:00,48394,36823,4707,11948,3834,18
2026-07-22T16:45:00+00:00,49617,37325,4929,9518,5100,17
2026-07-22T18:45:00+00:00,47098,38926,4898,1320,7760,25
2026-07-22T21:00:00+00:00,46345,38993,5123,0,7476,22
2026-07-22T21:45:00+00:00,45001,39241,5369,0,6088,23
2026-07-22T23:15:00+00:00,40521,39440,5205,0,4340,20
2026-07-22T23:30:00+00:00,40009,39435,5204,0,4354,19
2026-07-23T01:45:00+00:00,35975,39465,5005,0,3587,13
2026-07-23T02:00:00+00:00,35752,39498,4860,0,3491,14
2026-07-23T04:30:00+00:00,39754,40692,4125,309,4756,19
2026-07-23T05:15:00+00:00,41783,40671,3994,1037,5898,18
2026-07-23T06:30:00+00:00,44565,40659,2707,4903,5391,18
2026-07-23T07:15:00+00:00,45569,40540,2659,8728,4355,17
2026-07-23T07:45:00+00:00,46320,40297,2743,11452,3706,16
2026-07-23T14:00:00+00:00,48219,36625,3482,19612,2810,11
2026-07-23T14:15:00+00:00,48295,36856,3575,19040,2804,11
2026-07-23T15:15:00+00:00,47945,38358,3994,16212,3059,12
2026-07-23T16:15:00+00:00,48913,40140,4596,11977,3791,17
2026-07-23T17:00:00+00:00,50025,40589,4711,8272,4863,27
2026-07-23T18:15:00+00:00,48600,41256,4586,2528,7797,31
2026-07-23T19:30:00+00:00,46265,42052,3792,317,7728,32
2026-07-23T20:45:00+00:00,47472,42162,4363,0,7007,31
2026-07-23T22:30:00+00:00,42828,41304,5068,0,5196,31
2026-07-24T03:15:00+00:00,37233,40732,4023,0,3779,24
2026-07-24T03:45:00+00:00,38026,41441,4077,200,3939,26
2026-07-24T04:30:00+00:00,39671,41521,3923,300,4622,26
2026-07-24T04:45:00+00:00,40139,41570,3850,439,5022,26
2026-07-24T06:15:00+00:00,44250,41300,2851,4010,5132,25
2026-07-24T07:30:00+00:00,46301,41196,1907,10395,3876,11
2026-07-24T09:00:00+00:00,47594,39447,1942,17140,2845,11
2026-07-24T11:45:00+00:00,49022,37194,2393,21442,2613,10
2026-07-24T12:45:00+00:00,49670,37537,2238,20808,2406,10
2026-07-24T14:15:00+00:00,47872,38864,2096,18654,2910,10
2026-07-24T14:45:00+00:00,48103,38873,2072,17277,3119,11
2026-07-24T15:15:00+00:00,48102,38780,2184,15677,3382,11
2026-07-24T16:00:00+00:00,48754,38719,2328,12565,4629,15
2026-07-24T16:15:00+00:00,48855,39155,2264,11423,4798,17
2026-07-24T16:30:00+00:00,48863,39597,2334,10243,5550,20
2026-07-24T17:00:00+00:00,49511,40040,2373,7715,6027,27
2026-07-24T18:00:00+00:00,48934,40551,2672,3117,7220,34
2026-07-24T19:15:00+00:00,45655,40997,3800,484,7364,34
2026-07-24T20:45:00+00:00,46953,41458,4970,0,6740,33
2026-07-24T21:30:00+00:00,45107,41571,5211,0,5283,34
2026-07-24T21:45:00+00:00,45165,41573,5127,0,5074,34
2026-07-24T22:30:00+00:00,42434,41532,4806,0,4584,32
2026-07-24T23:15:00+00:00,40875,41502,4511,0,4072,28
2026-07-24T23:30:00+00:00,40223,40996,4359,0,4291,28
2026-07-24T23:45:00+00:00,40101,40499,4225,0,4420,29
2026-07-25T00:30:00+00:00,37938,40546,3589,0,4221,28
2026-07-25T01:00:00+00:00,36660,40577,3318,0,3809,26
2026-07-25T03:00:00+00:00,35044,40758,2777,0,3628,24
2026-07-25T04:00:00+00:00,35375,40787,2573,194,3676,17
2026-07-25T06:00:00+00:00,37333,40529,2183,2360,3448,14
2026-07-25T06:15:00+00:00,37725,39638,2059,3010,3508,14
2026-07-25T07:30:00+00:00,40723,36787,1474,6902,3213,14
2026-07-25T08:15:00+00:00,42038,34454,1149,7702,3329,15
2026-07-25T10:30:00+00:00,45253,34104,645,8927,2428,16
2026-07-25T11:00:00+00:00,44681,33693,666,9075,2319,16
2026-07-25T11:15:00+00:00,44102,33837,679,8958,2316,16
2026-07-25T11:45:00+00:00,43330,33425,716,9114,2304,16
2026-07-25T12:00:00+00:00,43610,33521,743,8961,2330,16
2026-07-25T12:45:00+00:00,43918,33610,824,8734,2350,16
2026-07-25T13:15:00+00:00,43913,33457,888,8611,2377,16
2026-07-25T13:45:00+00:00,43357,34703,939,8136,2570,16
2026-07-25T14:45:00+00:00,42830,34980,2726,8688,3507,13
2026-07-25T15:00:00+00:00,42610,34995,3048,8246,3318,13
2026-07-25T17:45:00+00:00,43546,39429,6286,2885,4918,22
2026-07-25T18:45:00+00:00,41715,40418,6299,931,4832,23
2026-07-25T19:30:00+00:00,41150,40734,6290,270,5331,20
2026-07-25T20:30:00+00:00,42310,41050,6524,196,5533,21
2026-07-25T21:15:00+00:00,41951,41386,7035,0,4913,21
2026-07-25T21:45:00+00:00,41162,41745,6783,0,4333,18
2026-07-25T23:30:00+00:00,37083,41130,5984,0,4233,12
2026-07-26T00:30:00+00:00,35107,40823,6019,0,3387,12
2026-07-26T01:15:00+00:00,33695,41285,5545,0,3030,12
2026-07-26T02:00:00+00:00,32828,41426,5286,0,3028,12
2026-07-26T03:00:00+00:00,32316,40854,5205,0,3045,12
2026-07-26T04:15:00+00:00,32420,40434,6093,215,2858,12
2026-07-26T04:45:00+00:00,32253,40386,6040,366,2838,12
2026-07-26T06:00:00+00:00,33664,38714,6175,2124,2836,13
2026-07-26T06:45:00+00:00,34834,37623,6063,4414,2660,12
2026-07-26T07:45:00+00:00,36825,37708,4360,5238,2667,13
2026-07-26T10:00:00+00:00,41228,37113,6173,9227,2612,12
2026-07-26T11:30:00+00:00,40506,36846,3684,8459,2519,13
2026-07-26T12:00:00+00:00,40488,36814,3594,10219,2304,13
2026-07-26T12:45:00+00:00,40488,37201,3665,10217,2211,13
2026-07-26T13:15:00+00:00,40191,36814,3800,10260,2256,13
2026-07-26T18:15:00+00:00,41599,39353,13269,1814,3242,12
2026-07-26T19:30:00+00:00,41608,41320,11803,277,4409,11
2026-07-26T19:45:00+00:00,41740,41613,11452,219,4482,11
2026-07-26T20:30:00+00:00,42507,41457,10560,200,4734,11
2026-07-26T20:45:00+00:00,42861,41384,10404,0,5084,12
2026-07-26T21:45:00+00:00,41368,41268,9488,0,4836,12
2026-07-26T22:15:00+00:00,40695,40996,9030,0,3373,12
2026-07-26T23:15:00+00:00,37858,41258,8618,0,2860,13
2026-07-27T00:30:00+00:00,35075,40905,7180,0,2521,13
2026-07-27T01:45:00+00:00,33649,40490,6339,0,2417,14
2026-07-27T02:00:00+00:00,33522,40500,6230,0,2556,14
2026-07-27T04:30:00+00:00,37412,43073,4197,273,3526,17
2026-07-27T05:45:00+00:00,41123,42233,3437,1622,5251,17
2026-07-27T08:00:00+00:00,46020,42102,2140,9579,3569,13
2026-07-27T09:15:00+00:00,47061,42069,1945,13267,3185,12
2026-07-27T10:30:00+00:00,48594,41632,2420,15837,2925,12
2026-07-27T12:45:00+00:00,48490,40713,2246,15226,2450,11
2026-07-27T16:00:00+00:00,46664,40589,2957,12728,3174,17
2026-07-27T17:00:00+00:00,48503,41820,3040,8088,3756,20
2026-07-27T17:15:00+00:00,48947,42733,3087,6856,5044,21
2026-07-27T17:30:00+00:00,48576,43252,3016,5415,5365,23
2026-07-27T21:00:00+00:00,45575,43989,2299,0,7168,32
2026-07-27T21:30:00+00:00,44391,44016,2276,0,6216,31
2026-07-27T23:00:00+00:00,39906,44230,2436,0,4094,29
2026-07-28T00:45:00+00:00,36871,44611,2372,0,3538,15
2026-07-28T01:15:00+00:00,36129,44588,2339,0,3693,15
2026-07-28T02:00:00+00:00,35373,44612,2166,0,3505,15
2026-07-28T03:15:00+00:00,36246,44718,2298,0,3480,16
2026-07-28T03:45:00+00:00,37150,44733,2320,188,3468,16
2026-07-28T04:00:00+00:00,37635,44665,2373,190,3420,16
2026-07-28T05:15:00+00:00,40790,44633,2572,897,4602,18
2026-07-28T05:45:00+00:00,41876,44659,2410,1977,4361,17
2026-07-28T06:15:00+00:00,43396,44622,2087,3921,4471,17
2026-07-28T07:00:00+00:00,44857,43697,1436,7665,4457,14
2026-07-28T08:45:00+00:00,47483,44091,812,12050,3107,13
2026-07-28T10:00:00+00:00,49351,42442,790,15533,2970,13
2026-07-28T10:15:00+00:00,50418,41847,881,20323,2742,10
2026-07-28T11:30:00+00:00,50070,40929,665,17587,2819,12
2026-07-28T14:15:00+00:00,49681,39353,894,19146,3092,16
2026-07-28T15:30:00+00:00,49214,42146,974,15173,3354,17
2026-07-28T16:15:00+00:00,50208,43830,992,11884,3792,17
2026-07-28T16:30:00+00:00,50588,44275,985,10634,4029,23
2026-07-28T17:15:00+00:00,51427,44713,1056,6716,5659,32
2026-07-28T18:30:00+00:00,49279,44792,1163,1568,7866,38
2026-07-28T20:45:00+00:00,48216,44892,1903,0,7953,38
2026-07-28T22:30:00+00:00,43378,44981,2309,0,4666,35
2026-07-29T02:30:00+00:00,36367,43531,1712,0,3184,19
2026-07-29T03:45:00+00:00,38209,43573,1891,195,3211,21
2026-07-29T04:15:00+00:00,39312,43549,2070,215,4484,21
2026-07-29T05:15:00+00:00,41344,43567,2201,871,5532,23
2026-07-29T05:45:00+00:00,42648,43572,2173,1909,5559,21
2026-07-29T06:00:00+00:00,43253,43591,2156,2695,5456,20
2026-07-29T06:30:00+00:00,44628,43529,1886,4667,4288,16
2026-07-29T07:00:00+00:00,45942,43404,1362,7027,3837,16
2026-07-29T09:15:00+00:00,50948,42336,786,17162,3019,14
2026-07-29T10:00:00+00:00,52373,42267,797,19067,2794,13
2026-07-29T10:15:00+00:00,52680,41930,847,19588,2816,12
2026-07-29T14:15:00+00:00,52042,40560,2758,18053,3096,16
2026-07-29T15:30:00+00:00,51657,41531,2914,14365,3450,18
2026-07-29T15:45:00+00:00,52086,41694,2960,13416,3674,21
2026-07-29T17:45:00+00:00,52654,43082,2248,3871,7524,45
2026-07-29T18:15:00+00:00,51727,43362,2187,2097,8028,47
2026-07-29T19:30:00+00:00,49234,43840,2586,242,7663,44
2026-07-29T21:00:00+00:00,48714,43670,2479,0,7728,41
2026-07-29T22:15:00+00:00,45893,42667,2587,0,6652,46
2026-07-29T22:45:00+00:00,42904,42742,2478,0,6239,42
2026-07-29T23:00:00+00:00,42389,42761,2475,0,6102,38
2026-07-29T23:15:00+00:00,42623,42720,2601,0,6088,36
2026-07-29T23:30:00+00:00,41964,42788,2561,0,5813,30
2026-07-30T01:15:00+00:00,38114,42881,3074,0,3717,20
2026-07-30T02:15:00+00:00,37490,42661,3584,0,3737,22
2026-07-30T02:45:00+00:00,37465,42659,3831,0,3437,22
2026-07-30T04:00:00+00:00,39754,42385,4714,185,4101,21
2026-07-30T04:30:00+00:00,40600,42388,5220,249,4763,21
2026-07-30T05:15:00+00:00,42125,42430,4527,754,5150,19
2026-07-30T08:00:00+00:00,49043,42022,4647,7776,3251,14
2026-07-30T10:15:00+00:00,51478,41211,4669,13858,2663,11
2026-07-30T10:30:00+00:00,51189,40933,4194,14095,2678,11
2026-07-30T11:15:00+00:00,50515,41033,2889,15368,2793,11
2026-07-30T13:00:00+00:00,51239,41182,1872,17173,2874,10
2026-07-30T15:45:00+00:00,49634,42510,1854,12496,3248,15
2026-07-30T16:00:00+00:00,50201,42323,1775,11504,3684,15
2026-07-30T16:30:00+00:00,50487,42717,1913,9345,4781,20
2026-07-30T19:30:00+00:00,48210,43050,2439,250,8979,41
2026-07-30T23:00:00+00:00,42231,43249,1970,0,4724,38
2026-07-30T23:30:00+00:00,41854,43236,2024,0,4735,36
2026-07-31T00:15:00+00:00,40671,43238,2038,0,4771,30
2026-07-31T00:30:00+00:00,39595,43243,1863,0,4606,29
2026-07-31T01:45:00+00:00,37319,43304,1570,0,3816,26
2026-07-31T02:45:00+00:00,37121,43353,1710,0,3812,27
2026-07-31T04:00:00+00:00,39219,43104,1589,207,3956,28
2026-07-31T04:15:00+00:00,40074,42958,1651,222,4134,29
2026-07-31T06:45:00+00:00,45900,42623,1616,4085,5050,27
2026-07-31T07:15:00+00:00,46636,41476,1473,5561,4446,27
2026-07-31T07:30:00+00:00,46870,41393,1506,6386,4235,24
2026-07-31T07:45:00+00:00,47153,41427,1467,7361,4393,22
2026-07-31T10:00:00+00:00,50944,42407,1285,13525,3261,14
2026-07-31T11:00:00+00:00,50899,41824,1225,14478,3029,13
2026-07-31T13:15:00+00:00,50069,41659,1765,13471,2984,12
2026-07-31T13:30:00+00:00,49752,41654,1753,13215,3024,13
2026-07-31T13:45:00+00:00,49441,41605,1858,12887,3449,14
2026-07-31T16:15:00+00:00,48153,41574,2604,7061,4159,24
2026-07-31T16:45:00+00:00,48477,41518,3109,5914,4742,28
2026-07-31T17:15:00+00:00,48328,41665,3465,4402,5597,30
2026-07-31T17:45:00+00:00,47559,41784,3617,2916,6342,32
2026-07-31T18:30:00+00:00,45707,41893,3886,1245,8124,34
2026-07-31T19:00:00+00:00,44891,41880,3991,591,8142,35
2026-07-31T19:30:00+00:00,44528,41968,3755,236,8739,35
2026-07-31T20:00:00+00:00,44495,41976,3807,198,8831,35
2026-07-31T22:00:00+00:00,42761,40710,3562,0,7047,37
2026-08-01T01:15:00+00:00,35120,40855,3266,0,5029,28
2026-08-01T02:30:00+00:00,34152,40507,2953,0,4525,28
2026-08-01T06:45:00+00:00,37295,39687,1429,5214,4257,19
2026-08-01T07:45:00+00:00,39403,38728,1144,10179,3296,12
2026-08-01T09:15:00+00:00,42191,36048,1044,16750,2356,12
2026-08-01T11:45:00+00:00,43785,35622,964,20218,2444,11
2026-08-01T12:15:00+00:00,44673,35877,966,20095,2470,11
2026-08-01T13:45:00+00:00,43201,34756,1152,18974,2473,12
2026-08-01T14:00:00+00:00,43120,34748,1210,18464,2480,13
2026-08-01T16:15:00+00:00,43890,38857,1741,10658,3589,14
2026-08-01T17:15:00+00:00,44383,40251,2182,6010,5864,23
2026-08-01T17:30:00+00:00,44417,40336,2327,4793,5999,27
2026-08-01T18:00:00+00:00,43807,40397,2782,2781,6388,30
2026-08-01T18:30:00+00:00,43009,40569,2996,1391,7084,31
2026-08-01T18:45:00+00:00,42463,40554,3169,962,7672,31
2026-08-01T20:00:00+00:00,42106,39815,4361,191,8361,30
2026-08-02T00:00:00+00:00,36279,38480,5423,0,4688,31
2026-08-02T01:45:00+00:00,32596,37663,4402,0,4458,22
2026-08-02T08:00:00+00:00,37410,35350,1201,12381,2393,12
2026-08-02T09:15:00+00:00,40225,32540,2046,13340,2272,13
2026-08-02T12:30:00+00:00,42391,28967,1790,12812,2250,16
2026-08-02T12:45:00+00:00,42127,29303,1776,12478,2266,15
2026-08-02T13:00:00+00:00,41976,29170,1995,13124,2245,15
2026-08-02T14:15:00+00:00,41530,31305,1517,17940,2754,15
2026-08-02T14:30:00+00:00,41526,31957,1608,17225,2803,15
2026-08-02T16:00:00+00:00,43459,35958,2023,11730,3809,17
2026-08-02T17:45:00+00:00,44962,37720,2277,3581,7145,34
2026-08-02T22:00:00+00:00,41847,38680,4787,0,4904,34
2026-08-02T22:30:00+00:00,40222,38708,4513,0,4346,29
2026-08-03T03:00:00+00:00,34496,38740,2393,0,3635,21
2026-08-03T04:15:00+00:00,37090,38886,2174,195,5293,28
2026-08-03T06:15:00+00:00,41582,37603,2111,3040,5844,26
2026-08-03T06:30:00+00:00,42077,37123,1946,3780,5886,26
2026-08-03T08:15:00+00:00,46182,35947,1425,10565,3643,25
2026-08-03T10:00:00+00:00,49534,34814,1791,15308,3032,22
2026-08-03T12:15:00+00:00,51576,34167,2827,16859,3032,22
2026-08-03T14:30:00+00:00,49741,34851,3036,13229,3361,27
2026-08-03T18:00:00+00:00,49135,37080,4602,2105,8036,42
2026-08-03T18:15:00+00:00,48088,37073,4178,1589,8424,43
2026-08-03T19:00:00+00:00,46570,37079,3951,566,8039,43
2026-08-03T19:45:00+00:00,45763,37091,2785,226,8136,46
2026-08-03T20:00:00+00:00,45510,37071,2767,225,8204,45
2026-08-03T20:45:00+00:00,46638,36927,2572,0,7883,46
2026-08-03T21:45:00+00:00,43834,36958,2906,0,5957,43
2026-08-03T22:45:00+00:00,40876,37002,2692,0,4838,49
2026-08-04T01:15:00+00:00,36194,37428,3746,0,4079,37
2026-08-04T03:15:00+00:00,36347,37466,4955,0,3580,28
2026-08-04T04:15:00+00:00,38080,36565,4167,196,4523,36
2026-08-04T04:45:00+00:00,38785,36541,3441,325,5404,40
2026-08-04T05:30:00+00:00,40441,36529,3138,901,6500,41
2026-08-04T07:45:00+00:00,45553,38281,2569,8480,3742,23
2026-08-04T08:30:00+00:00,46916,38495,3169,11532,3248,16
2026-08-04T14:30:00+00:00,48470,37002,4033,15262,3458,15
2026-08-04T16:00:00+00:00,49145,37723,4613,10942,4062,17
2026-08-04T16:30:00+00:00,49095,38090,4488,8857,4512,22
2026-08-04T17:00:00+00:00,49875,38172,4360,6636,5728,30
2026-08-04T17:30:00+00:00,49465,38227,4008,4471,6927,35
2026-08-04T18:00:00+00:00,48533,38228,3758,2632,7819,37
2026-08-04T20:00:00+00:00,45724,39053,2861,326,9056,37
2026-08-04T20:30:00+00:00,46057,39394,2968,0,8316,35
2026-08-04T21:15:00+00:00,45556,39430,3378,0,7045,36
2026-08-04T22:45:00+00:00,40776,38851,4086,0,5247,26
2026-08-04T23:30:00+00:00,40014,38905,4002,0,4724,24
2026-08-05T00:00:00+00:00,39077,38709,3879,0,4149,23
2026-08-05T01:45:00+00:00,35798,38664,3141,0,3347,18
2026-08-05T02:00:00+00:00,35663,38634,3126,0,3193,17
2026-08-05T11:00:00+00:00,48796,33216,7210,17122,2309,12
2026-08-05T13:00:00+00:00,49563,33122,8575,17219,2363,11
2026-08-05T15:00:00+00:00,47447,34019,8288,13604,3196,13
2026-08-05T15:15:00+00:00,46817,34795,8052,12950,3218,13
2026-08-05T15:45:00+00:00,47701,35167,8252,11567,3276,14
2026-08-05T16:00:00+00:00,47695,34998,8254,10727,3373,14
2026-08-05T20:15:00+00:00,45899,38893,5573,0,7756,29
2026-08-06T00:00:00+00:00,38737,39245,4761,0,3156,22
2026-08-06T01:15:00+00:00,36183,38471,4134,0,2894,23
2026-08-06T02:30:00+00:00,35250,38483,3434,0,2859,23
2026-08-06T05:00:00+00:00,38864,38323,2621,632,4551,25
2026-08-06T08:30:00+00:00,45407,38000,1733,13531,2855,11
2026-08-06T10:00:00+00:00,47090,36313,1998,18331,2351,14
2026-08-06T10:15:00+00:00,47347,36171,2119,18674,2275,14
2026-08-06T11:30:00+00:00,47071,35130,2567,20132,2293,14
2026-08-06T11:45:00+00:00,46821,35209,2584,20412,2306,14
2026-08-06T12:00:00+00:00,47513,35287,2688,20528,2278,14
2026-08-06T14:30:00+00:00,46197,34722,3467,17433,2856,17
2026-08-06T15:00:00+00:00,45385,34857,3496,15567,3033,17
2026-08-06T15:45:00+00:00,46066,35607,3743,13521,3577,18
2026-08-06T16:30:00+00:00,47155,36677,3812,10195,4028,23
2026-08-06T17:45:00+00:00,47416,37056,4059,3910,6704,36
2026-08-06T18:15:00+00:00,46509,37069,4183,2077,7488,37
2026-08-06T18:30:00+00:00,46307,37124,4284,1458,7758,38
2026-08-07T00:15:00+00:00,37303,38850,5431,0,3368,29
2026-08-07T00:45:00+00:00,36246,38298,5364,0,3239,27
2026-08-07T01:30:00+00:00,34950,38334,4991,0,3842,23
2026-08-07T04:15:00+00:00,37162,38387,3559,363,4482,24
2026-08-07T08:15:00+00:00,44210,37329,1535,14458,2666,15
2026-08-07T09:30:00+00:00,45395,36154,1258,19342,2327,14
2026-08-07T11:15:00+00:00,46910,35810,1130,22240,2213,16
2026-08-07T13:00:00+00:00,47092,35074,1211,21773,2252,16
2026-08-07T13:15:00+00:00,47068,35698,1244,21501,2230,16
2026-08-07T13:45:00+00:00,46149,36022,1356,20163,2281,16
2026-08-07T17:00:00+00:00,47404,37579,1950,7658,4751,30
2026-08-07T17:15:00+00:00,47071,37761,2038,6340,5247,34
2026-08-07T17:45:00+00:00,46693,37948,2329,3787,6424,34
2026-08-07T18:00:00+00:00,46393,38003,2419,2731,8007,37
2026-08-07T19:00:00+00:00,44327,38897,2707,577,8490,38
2026-08-07T19:45:00+00:00,44060,38959,3276,264,7601,38
2026-08-07T22:00:00+00:00,41665,38645,5569,0,5404,37
2026-08-08T00:45:00+00:00,34721,38602,5801,0,3761,20
2026-08-08T02:45:00+00:00,32903,38711,5015,0,3178,16
2026-08-08T03:00:00+00:00,32929,38683,4833,0,2991,16
2026-08-08T08:00:00+00:00,38749,34455,1119,12751,2707,13
2026-08-08T09:15:00+00:00,40535,30361,825,13486,1963,16
2026-08-08T09:45:00+00:00,41993,30294,739,14894,1941,16
2026-08-08T10:30:00+00:00,42192,29699,552,12649,1921,18
2026-08-08T13:00:00+00:00,43555,28788,513,13724,1942,19
2026-08-08T13:15:00+00:00,43663,28866,620,14383,2001,18
2026-08-08T13:30:00+00:00,43510,29064,606,14854,2076,19
2026-08-08T14:45:00+00:00,43289,31625,805,16963,2489,18
2026-08-08T15:00:00+00:00,43464,31514,829,15367,2573,18
2026-08-08T16:00:00+00:00,43912,34623,1023,11243,4341,24
2026-08-08T16:45:00+00:00,45035,35325,940,7740,5215,32
2026-08-08T17:45:00+00:00,44648,34714,1056,3216,7318,46
2026-08-08T21:15:00+00:00,42159,35160,2224,0,5950,43
2026-08-08T22:15:00+00:00,40306,34280,2260,0,4918,43
2026-08-08T23:30:00+00:00,36993,34160,2510,0,4103,36
2026-08-08T23:45:00+00:00,36673,33875,2735,0,4153,33
2026-08-09T00:00:00+00:00,35692,33668,2657,0,4472,33
2026-08-09T00:15:00+00:00,35533,33853,2534,0,4783,33
2026-08-09T03:15:00+00:00,32190,34299,1913,0,3460,31
2026-08-09T04:45:00+00:00,32441,34361,1552,369,3022,31
2026-08-09T05:00:00+00:00,32404,34314,1657,515,3081,30
2026-08-09T05:30:00+00:00,32498,34269,2142,923,2618,26
2026-08-09T08:00:00+00:00,37703,32381,1607,9348,2209,16
2026-08-09T10:30:00+00:00,43210,27634,1407,12823,1867,18
2026-08-09T11:45:00+00:00,41351,27626,1301,13120,2862,18
2026-08-09T12:00:00+00:00,41641,27513,1465,13318,2839,17
2026-08-09T13:00:00+00:00,41761,28232,1331,13699,2044,19
2026-08-09T14:30:00+00:00,40335,29796,1612,16034,2415,18
2026-08-09T14:45:00+00:00,40571,30354,1504,14996,2542,18
2026-08-09T15:15:00+00:00,40673,30693,1669,13920,2714,18
2026-08-09T16:00:00+00:00,42382,33642,2037,11095,3359,22
2026-08-09T17:00:00+00:00,43794,34523,2349,6050,5344,30
2026-08-09T17:45:00+00:00,44084,34744,2478,3026,6724,39
2026-08-09T19:00:00+00:00,42629,35172,2569,486,8183,41
2026-08-09T21:15:00+00:00,42536,35275,3885,0,6867,41
2026-08-09T21:30:00+00:00,41552,35303,3872,0,5613,41
2026-08-09T22:15:00+00:00,40803,35418,3913,0,3941,41
2026-08-09T23:45:00+00:00,37127,35558,4147,0,3036,33
2026-08-10T02:15:00+00:00,33151,36116,3139,0,2849,31
2026-08-10T02:45:00+00:00,33064,35540,3183,0,2747,32
2026-08-10T03:00:00+00:00,33467,35142,3346,0,2763,35
2026-08-10T04:00:00+00:00,35565,35273,3094,231,4689,38
2026-08-10T05:30:00+00:00,37888,35258,2945,860,5480,40
2026-08-10T06:00:00+00:00,39202,35307,2780,2002,5111,40
2026-08-10T06:15:00+00:00,40030,35366,2554,2903,4827,39
2026-08-10T06:30:00+00:00,40508,35286,2301,3678,4619,39
2026-08-10T08:30:00+00:00,44079,35131,1210,12901,2602,16
2026-08-10T11:30:00+00:00,47249,33832,1527,19785,2434,12
2026-08-10T13:30:00+00:00,47552,33600,1662,18516,2331,14
2026-08-10T14:00:00+00:00,47031,34371,1688,17423,2418,14
2026-08-10T15:30:00+00:00,46836,35263,1799,13083,3233,18
2026-08-10T15:45:00+00:00,47044,35307,1798,11973,3690,19
2026-08-10T17:00:00+00:00,48933,35824,2267,6452,5611,37
2026-08-10T20:15:00+00:00,45284,34641,5313,0,6717,57
2026-08-10T22:15:00+00:00,41792,33955,6557,0,5695,45
2026-08-10T23:45:00+00:00,38264,33991,6204,0,3667,41
2026-08-11T00:00:00+00:00,37513,34002,6207,0,3445,40
2026-08-11T00:45:00+00:00,35805,34008,6077,0,2989,39
2026-08-11T06:00:00+00:00,39838,34134,4651,2008,4936,43
2026-08-11T06:30:00+00:00,41029,34143,3759,3645,4229,40
2026-08-11T07:45:00+00:00,43649,33993,2155,9719,2793,21
2026-08-11T08:00:00+00:00,43785,33945,2011,10804,2752,19
2026-08-11T14:15:00+00:00,47513,30885,2326,17195,2797,15
2026-08-11T19:45:00+00:00,45382,33870,6118,240,7273,41
2026-08-11T22:30:00+00:00,40728,33060,7824,0,3604,40
2026-08-12T01:15:00+00:00,35316,33129,6030,0,2854,45
2026-08-12T01:30:00+00:00,35004,33153,5848,0,2806,43
2026-08-12T01:45:00+00:00,34984,33154,5717,0,2761,44
2026-08-12T02:45:00+00:00,34445,33154,5197,0,2940,43
2026-08-12T04:30:00+00:00,37318,33209,4682,231,4411,43
2026-08-12T04:45:00+00:00,37603,33252,4724,300,4546,43
2026-08-12T07:00:00+00:00,41562,33255,2582,6409,3296,30
2026-08-12T14:15:00+00:00,48754,32046,1465,18181,3156,15
2026-08-12T15:45:00+00:00,49729,32805,1934,12902,4972,25
2026-08-12T19:00:00+00:00,45957,33383,3443,343,7550,44
2026-08-12T19:15:00+00:00,46317,33849,3716,268,7563,48
2026-08-12T19:45:00+00:00,46312,34344,4612,248,7027,43
2026-08-12T21:30:00+00:00,44604,34028,5838,0,4198,45
2026-08-12T23:30:00+00:00,39832,33411,4070,0,3319,42
2026-08-13T00:00:00+00:00,38576,33342,3755,0,3267,41
2026-08-13T01:45:00+00:00,35308,33461,3170,0,3242,41
2026-08-13T02:00:00+00:00,35264,33551,3082,0,3308,41
2026-08-13T02:45:00+00:00,34944,33931,2860,0,3246,40
2026-08-13T03:45:00+00:00,36244,34099,2841,0,4039,45
2026-08-13T05:15:00+00:00,38977,34143,2791,627,5228,45
2026-08-13T05:45:00+00:00,39756,34134,2620,1404,4437,44
2026-08-13T06:30:00+00:00,41820,33249,2090,4115,4003,39
2026-08-13T06:45:00+00:00,42485,33190,1849,5479,3580,38
2026-08-13T09:00:00+00:00,47632,32879,654,16477,2854,15
2026-08-13T09:30:00+00:00,48413,32894,645,18113,2970,14
2026-08-13T09:45:00+00:00,49227,32587,645,18829,3009,14
2026-08-13T10:45:00+00:00,50864,32670,741,20527,2278,14
2026-08-13T11:00:00+00:00,50747,32527,753,20863,2260,14
2026-08-13T12:45:00+00:00,51723,32275,884,20508,2644,15
2026-08-13T13:45:00+00:00,51103,32906,942,19133,2723,15
2026-08-13T15:00:00+00:00,50502,33139,1089,15708,3787,17
2026-08-13T15:30:00+00:00,50891,33664,1183,13880,4157,25
2026-08-13T16:00:00+00:00,51326,33808,1206,11639,5600,32
2026-08-13T16:30:00+00:00,51584,34547,1328,9133,6075,37
2026-08-13T17:15:00+00:00,52054,34737,1463,5326,7612,40
2026-08-13T17:30:00+00:00,51427,34738,1502,3998,8258,42
2026-08-13T17:45:00+00:00,51286,34781,1611,3085,8557,44
2026-08-13T22:30:00+00:00,42853,33096,3228,0,5060,44
2026-08-14T00:45:00+00:00,37836,33023,2270,0,3220,46
2026-08-14T01:00:00+00:00,37065,33059,2109,0,3224,46
2026-08-14T01:30:00+00:00,36624,33110,1904,0,3337,41
2026-08-14T02:30:00+00:00,36133,33098,1528,0,3358,44
2026-08-14T03:00:00+00:00,36057,33015,1298,0,3415,47
2026-08-14T03:45:00+00:00,36986,32984,1214,0,4385,47
2026-08-14T05:00:00+00:00,38926,32983,1202,410,5034,47
2026-08-14T08:15:00+00:00,46878,32275,875,12162,2959,23
2026-08-14T08:45:00+00:00,47692,32255,841,14185,2851,20
2026-08-14T09:00:00+00:00,48359,32160,822,15131,2835,19
2026-08-14T10:00:00+00:00,50458,32055,905,18137,2469,16
2026-08-14T12:45:00+00:00,52301,31893,1609,19642,2341,14
2026-08-14T15:00:00+00:00,50371,31873,1829,14202,3688,20
2026-08-14T18:00:00+00:00,49317,33091,2507,1878,8820,63
2026-08-14T18:45:00+00:00,47976,33099,2657,587,8412,59
2026-08-14T22:15:00+00:00,44101,31510,2895,0,5815,66
2026-08-15T00:00:00+00:00,39170,31503,3170,0,4705,54
2026-08-15T01:30:00+00:00,36050,31933,3908,0,4019,47
2026-08-15T03:45:00+00:00,34993,31974,4328,0,3165,40
2026-08-15T04:15:00+00:00,35800,31987,4098,220,3247,40
2026-08-15T04:30:00+00:00,35685,32007,3877,230,3173,40
2026-08-15T05:00:00+00:00,35357,32000,3634,393,2869,35
2026-08-15T07:00:00+00:00,38026,31774,1814,4820,3062,24
2026-08-15T07:15:00+00:00,38607,31748,1628,6076,3402,25
2026-08-15T07:30:00+00:00,39176,31658,1539,7037,3382,25
2026-08-15T08:30:00+00:00,41668,31212,1534,11081,2739,20
2026-08-15T08:45:00+00:00,42218,30640,1483,12071,2511,20
2026-08-15T12:15:00+00:00,45357,28464,1431,17526,2140,17
2026-08-15T14:00:00+00:00,44706,29338,2038,14957,2382,19
2026-08-15T17:00:00+00:00,45294,31103,2516,4440,6056,47
2026-08-15T19:30:00+00:00,43836,31643,3080,227,7243,47
2026-08-15T19:45:00+00:00,43313,31716,3051,216,6890,47
2026-08-15T20:15:00+00:00,43334,31826,3126,0,7226,47
2026-08-15T21:30:00+00:00,42251,32390,3453,0,6598,45
2026-08-16T04:30:00+00:00,33424,32433,1877,225,3403,40
2026-08-16T05:15:00+00:00,33437,32475,1890,491,3364,38
2026-08-16T06:15:00+00:00,34152,31221,1669,2170,3484,37
2026-08-16T09:15:00+00:00,40776,30166,988,12991,2251,16
2026-08-16T09:30:00+00:00,41259,29805,1029,13543,2353,15
2026-08-16T09:45:00+00:00,41257,29129,1041,14286,2398,15
2026-08-16T10:00:00+00:00,41841,28486,1029,14651,2363,16
2026-08-16T10:45:00+00:00,43382,28012,999,15931,1992,15
2026-08-16T12:30:00+00:00,43203,27779,1031,16589,2237,15
2026-08-16T15:45:00+00:00,42202,31349,2107,9656,4644,26
2026-08-16T17:00:00+00:00,44075,31631,2703,4944,5965,40
2026-08-16T17:15:00+00:00,44132,31644,2812,4003,6236,41
2026-08-16T17:45:00+00:00,44120,31625,2836,2304,7062,45
2026-08-16T19:00:00+00:00,43262,31648,2994,322,8147,46
2026-08-16T20:30:00+00:00,43173,31719,2744,0,8187,47
2026-08-16T23:15:00+00:00,38313,31149,1963,0,4484,53
2026-08-16T23:30:00+00:00,37605,31135,1912,0,4162,53
2026-08-16T23:45:00+00:00,37402,31130,1887,0,4172,53
2026-08-17T01:15:00+00:00,34050,31129,1530,0,3843,53
2026-08-17T01:45:00+00:00,33746,31135,1545,0,3860,53
2026-08-17T03:00:00+00:00,34138,31136,1645,0,3875,53
2026-08-17T03:15:00+00:00,34943,31177,1694,0,3926,53
2026-08-17T07:30:00+00:00,43457,31117,1737,5573,4719,47
2026-08-17T08:30:00+00:00,44778,31182,1663,9005,3656,45
2026-08-17T09:00:00+00:00,44978,31165,1626,10703,3232,42
2026-08-17T09:15:00+00:00,45781,31131,1704,11410,3244,39
2026-08-17T11:15:00+00:00,47001,31166,2224,14749,2887,35
2026-08-17T12:15:00+00:00,48035,31118,2688,15063,3076,34
2026-08-17T12:30:00+00:00,47924,31179,2773,14985,3201,35
2026-08-17T12:45:00+00:00,47873,31128,2914,14539,3309,35
2026-08-17T13:00:00+00:00,47777,31082,3023,14611,3370,36
2026-08-17T16:30:00+00:00,47117,32246,4785,6299,5483,42
2026-08-17T17:00:00+00:00,47799,32290,4890,4588,6292,41
2026-08-17T19:00:00+00:00,45266,32585,4202,305,8010,47
2026-08-17T20:15:00+00:00,44887,32658,4060,0,6563,48
2026-08-17T21:15:00+00:00,44186,32689,4230,0,4994,50
2026-08-17T21:45:00+00:00,43244,32697,4254,0,4309,50
2026-08-17T22:15:00+00:00,42194,32824,4220,0,3867,50
2026-08-17T22:45:00+00:00,39624,32783,4236,0,3452,49
2026-08-17T23:00:00+00:00,39359,33110,4210,0,3318,47
2026-08-17T23:45:00+00:00,38824,33494,3849,0,3255,46
2026-08-18T04:15:00+00:00,38147,33172,4225,226,3689,46
2026-08-18T04:30:00+00:00,38288,33159,4294,221,4504,45
2026-08-18T05:00:00+00:00,38849,33153,4713,337,4988,44
2026-08-18T05:30:00+00:00,39773,33272,4928,657,5080,44
2026-08-18T06:15:00+00:00,41306,32527,5051,2331,4704,43
2026-08-18T07:30:00+00:00,43213,31986,5533,7459,3517,39
2026-08-18T08:30:00+00:00,44998,32740,6484,11905,2991,15
2026-08-18T09:15:00+00:00,46254,32874,6979,14504,2663,13
2026-08-18T10:45:00+00:00,48017,33056,7169,17046,3048,15
2026-08-18T11:45:00+00:00,47541,33067,7252,18155,2758,13
2026-08-18T12:30:00+00:00,48312,33044,7787,17835,2644,15
2026-08-18T13:30:00+00:00,48216,33318,7934,17044,2433,15
2026-08-18T14:00:00+00:00,47845,33524,7957,16109,2838,14
2026-08-18T14:30:00+00:00,48058,33752,8289,15223,3464,18
2026-08-18T15:45:00+00:00,47538,34126,8202,10783,4205,22
2026-08-18T16:45:00+00:00,48139,34553,7412,6496,5375,42
2026-08-18T18:30:00+00:00,46406,34593,5947,750,7666,52
2026-08-18T21:00:00+00:00,44785,34842,4253,0,5641,56
2026-08-18T21:30:00+00:00,43697,34931,3845,0,4856,53
2026-08-18T23:15:00+00:00,39693,35734,3254,0,2990,49
2026-08-18T23:30:00+00:00,39120,35766,3102,0,2953,49
2026-08-19T00:15:00+00:00,37754,35688,3009,0,2958,46
2026-08-19T01:00:00+00:00,35837,35788,3081,0,2845,45
2026-08-19T02:30:00+00:00,34958,35844,2836,0,3103,45
2026-08-19T04:30:00+00:00,38226,35853,3262,251,3947,54
2026-08-19T05:15:00+00:00,39307,35827,3815,497,5429,52
2026-08-19T05:30:00+00:00,39521,35791,3912,647,5399,52
2026-08-19T05:45:00+00:00,39707,35690,4036,1054,5295,51
2026-08-19T07:00:00+00:00,42509,35334,3729,5444,3462,46
2026-08-19T07:30:00+00:00,43953,35266,3798,7961,2907,43
2026-08-19T08:00:00+00:00,44482,35305,4077,10240,2885,28
2026-08-19T09:00:00+00:00,46482,35093,5452,14441,2650,13
2026-08-01T04:00:00+00:00,34444,40164,2498,192,4589,29
2026-08-01T06:30:00+00:00,36661,39787,1606,4033,4332,21
2026-08-01T07:15:00+00:00,38551,39113,1213,7719,3393,14
2026-08-01T07:30:00+00:00,38806,39144,1159,8903,3346,13
2026-08-01T09:00:00+00:00,41493,36149,1048,15786,2375,12
2026-08-01T10:15:00+00:00,44594,35799,973,18936,2305,11
2026-08-01T15:45:00+00:00,43710,37947,1529,12914,3183,13
2026-08-01T16:00:00+00:00,43907,38378,1642,11875,3556,14
2026-08-01T19:30:00+00:00,42287,40543,3701,224,8352,30
2026-08-01T20:45:00+00:00,43267,39330,5458,0,7802,30
2026-08-01T21:45:00+00:00,41624,39115,6037,0,6667,29
2026-08-01T22:30:00+00:00,39485,38906,6010,0,5496,33
2026-08-01T23:15:00+00:00,38037,38642,5836,0,4791,31
2026-08-01T23:45:00+00:00,37012,38577,5594,0,4656,31
2026-08-02T01:15:00+00:00,33479,37644,4694,0,4308,29
2026-08-02T03:00:00+00:00,32230,37105,3895,0,4496,22
2026-08-02T04:45:00+00:00,32190,37317,3816,344,4440,17
2026-08-02T05:00:00+00:00,32087,37316,3767,530,4402,17
2026-08-02T06:15:00+00:00,33513,37072,2988,3619,3562,16
2026-08-02T07:30:00+00:00,36291,36014,1439,9860,2640,13
2026-08-02T08:30:00+00:00,38504,33953,1176,14734,2256,12
2026-08-02T11:30:00+00:00,41214,29182,1745,12300,2161,16
2026-08-02T11:45:00+00:00,40991,29097,1723,12318,2166,16
2026-08-02T12:00:00+00:00,41061,29104,1697,12224,2188,16
2026-08-02T14:00:00+00:00,41663,30223,1455,18040,2431,15
2026-08-02T17:15:00+00:00,45055,37104,2058,5767,5265,33
2026-08-02T17:30:00+00:00,45063,37420,2136,4536,6208,34
2026-08-02T19:45:00+00:00,43840,38588,4019,198,6971,35
2026-08-02T20:45:00+00:00,44942,38669,4999,0,6673,35
2026-08-02T21:30:00+00:00,42908,38619,5170,0,5522,35
2026-08-02T21:45:00+00:00,42769,38653,5060,0,5316,34
